azureapplicationmanagement,[isPrerelease=true]Microsoft.Azure.Management.ApplicationInsights,0.3.0-preview
,CustomPackageSource
luisruntime,[isPrerelease=true;customSource=https://pkgs.dev.azure.com/azure-sdk/public/_packaging/azure-sdk-for-net/nuget/v3/index.json]Microsoft.Azure.CognitiveServices.Language.LUIS.Runtime,3.1.0-alpha.20230411.1
azurecosmosdbtable,[isPrerelease=true]Microsoft.Azure.Cosmos.Table,2.0.0-preview
azuredevices,[isPrerelease=true]Microsoft.Azure.Devices,2.0.0-preview002
azuredevicesclient,[isPrerelease=true]Microsoft.Azure.Devices.Client,2.0.0-preview002
azuredevicesshared,[isPrerelease=true]Microsoft.Azure.Devices.Shared,1.31.0-preview-001
azuredevicesprovisioningclient,[isPrerelease=true]Microsoft.Azure.Devices.Provisioning.Client,2.0.0-preview002
azuredevicesprovisioningservice,[isPrerelease=true]Microsoft.Azure.Devices.Provisioning.Service,2.0.0-preview002
azuredevicesprovisioningsecurity,[isPrerelease=true]Microsoft.Azure.Devices.Provisioning.Security.Tpm,1.15.0-preview-001
azuredevicesprovisioningamqp,[isPrerelease=true]Microsoft.Azure.Devices.Provisioning.Transport.Amqp,1.17.0-preview-001
azuredevicesprovisioninghttp,[isPrerelease=true]Microsoft.Azure.Devices.Provisioning.Transport.Http,1.16.0-preview-001
azuredevicesprovisioningmqtt,[isPrerelease=true]Microsoft.Azure.Devices.Provisioning.Transport.Mqtt,1.18.0-preview-001
azureapimanagement,[isPrerelease=true]Microsoft.Azure.Management.ApiManagement,8.0.0-preview
azuremgmtauthorization,[isPrerelease=true]Microsoft.Azure.Management.Authorization,2.13.0-preview
azuremgmtautomation,[isPrerelease=true]Microsoft.Azure.Management.Automation,3.8.3-preview
azuremgmtbackupservices,[isPrerelease=true]Microsoft.Azure.Management.BackupServices,1.0.5-preview
azmgmtdatalakeanalytics,[isPrerelease=true]Microsoft.Azure.Management.DataLake.Analytics,3.5.3-preview
azmgmtdatalakestore,[isPrerelease=true]Microsoft.Azure.Management.DataLake.Store,2.4.2-preview
azuremgmtblueprint,[isPrerelease=true]Microsoft.Azure.Management.Blueprint,0.20.7-preview
azurehybridcomputemgmt,[isPrerelease=true]Microsoft.Azure.Management.HybridCompute,0.1.0-preview.2
advisorpreview,[isPrerelease=true]Microsoft.Azure.Management.Advisor,0.9.5-preview
azuredeploymentmanager,[isPrerelease=true]Microsoft.Azure.Management.DeploymentManager,0.9.1-preview
azuredeploymentmanager,[isPrerelease=true]Microsoft.Azure.Management.DeviceUpdate,1.0.0-beta.1
managementgroups,[isPrerelease=true]Microsoft.Azure.Management.ManagementGroups,2.0.0-beta
azuremgmtmonitor,[isPrerelease=true]Microsoft.Azure.Management.Monitor,0.28.0-preview
azuremgmtnotificationhubs,[isPrerelease=true]Microsoft.Azure.Management.NotificationHubs,2.3.4-preview
azops,[isPrerelease=true]Microsoft.Azure.Management.OperationalInsights,0.25.0-preview
azuremgmtpowerbiembedded,[isPrerelease=true]Microsoft.Azure.Management.PowerBIEmbedded,1.1.1-preview
azuremgmtrecoveryservices,[isPrerelease=true]Microsoft.Azure.Management.RecoveryServices,4.3.3-preview
azuremgmtrecoveryservicesbackup,[isPrerelease=true]Microsoft.Azure.Management.RecoveryServices.Backup,5.0.0-preview
azuremgmtresourcemanager,[isPrerelease=true]Microsoft.Azure.Management.ResourceManager,3.17.4-preview
azuremgmtsql,[isPrerelease=true]Microsoft.Azure.Management.Sql,3.1.0-preview
azuremgmtsynapse,[isPrerelease=true]Microsoft.Azure.Management.Synapse,2.6.0-preview
workloadmonitor,[isPrerelease=true]Microsoft.Azure.Management.WorkloadMonitor,1.0.0-preview
microsoftazurecognitiveservicesvisionface,[tfm=netstandard2.0;isPrerelease=true;customSource=https://pkgs.dev.azure.com/azure-sdk/public/_packaging/azure-sdk-for-net/nuget/v3/index.json]Microsoft.Azure.CognitiveServices.Vision.Face,2.7.0-alpha.20230411.1
cognitiveservicesformrecognizer,[isPrerelease=true]Microsoft.Azure.CognitiveServices.FormRecognizer,0.8.0-preview
customvisiontraining,[isPrerelease=true;customSource=https://pkgs.dev.azure.com/azure-sdk/public/_packaging/azure-sdk-for-net/nuget/v3/index.json]Microsoft.Azure.CognitiveServices.Vision.CustomVision.Training,2.1.0-alpha.20230411.1
edgegateway,[isPrerelease=true]Microsoft.Azure.Management.EdgeGateway,0.8.1-preview
azurestorsimple,[isPrerelease=true]Microsoft.WindowsAzure.Management.StorSimple,1.0.5-preview
azuremgmtstorsimplefluent,[isPrerelease=true]Microsoft.Azure.Management.StorSimple.Fluent,1.9.1-beta
recoverybackup,[isPrerelease=true]Microsoft.Azure.Management.RecoveryServices.Backup,5.0.0-preview
livevideoanalytics,[isPrerelease=true]Microsoft.Azure.Media.LiveVideoAnalytics.Edge,1.0.4-preview.1
azcosmos,[isPrerelease=true]Azure.Cosmos,4.0.0-preview3
azuresynapse,[isPrerelease=true]Microsoft.Azure.Synapse,0.1.0-preview
azurecoreexperimental,[tfm=netstandard2.0;isPrerelease=true]Azure.Core.Experimental,0.1.0-preview.25
azureresourcemanagerappconfiguration,[tfm=netstandard2.0;isPrerelease=true;customSource=https://pkgs.dev.azure.com/azure-sdk/public/_packaging/azure-sdk-for-net/nuget/v3/index.json]Azure.ResourceManager.AppConfiguration,1.1.0-alpha.20230411.1
azureresourcemanagercompute,[tfm=netstandard2.0;isPrerelease=true]Azure.ResourceManager.Compute,1.0.0-beta.9
azureresourcemanagereventhubs,[tfm=netstandard2.0;isPrerelease=true]Azure.ResourceManager.EventHubs,1.1.0-beta.1
azureresourcemanagerkeyvault,[tfm=netstandard2.0;isPrerelease=true;customSource=https://pkgs.dev.azure.com/azure-sdk/public/_packaging/azure-sdk-for-net/nuget/v3/index.json]Azure.ResourceManager.KeyVault,1.2.0-alpha.20230411.1
azureresourcemanagernetwork,[tfm=netstandard2.0;isPrerelease=true]Azure.ResourceManager.Network,1.0.0-beta.7
azureresourcemanagerresources,[tfm=netstandard2.0;isPrerelease=true;customSource=https://pkgs.dev.azure.com/azure-sdk/public/_packaging/azure-sdk-for-net/nuget/v3/index.json]Azure.ResourceManager.Resources,1.5.0-alpha.20230411.1
azureresourcemanagerstorage,[tfm=netstandard2.0;isPrerelease=true]Azure.ResourceManager.Storage,1.0.0-beta.12
azurestorageblobschangefeed,[tfm=netstandard2.0;isPrerelease=true;customSource=https://pkgs.dev.azure.com/azure-sdk/public/_packaging/azure-sdk-for-net/nuget/v3/index.json]Azure.Storage.Blobs.ChangeFeed,12.0.0-alpha.20230411.5
microsoftazurehdinsightjob,[tfm=netstandard2.0;isPrerelease=true;customSource=https://pkgs.dev.azure.com/azure-sdk/public/_packaging/azure-sdk-for-net/nuget/v3/index.json]Microsoft.Azure.HDInsight.Job,3.0.0-alpha.20230411.1
azureanalyticssynapseartifacts,[tfm=netstandard2.0;isPrerelease=true;customSource=https://pkgs.dev.azure.com/azure-sdk/public/_packaging/azure-sdk-for-net/nuget/v3/index.json]Azure.Analytics.Synapse.Artifacts,1.0.0-alpha.20230410.1
azureaianomalydetector,[tfm=netstandard2.0;isPrerelease=true]Azure.AI.AnomalyDetector,3.0.0-preview.6
azuredataschemaregistry,[tfm=netstandard2.0;isPrerelease=true]Azure.Data.SchemaRegistry,1.4.0-beta.1
microsoftazuredataschemaregistryapacheavro,[tfm=netstandard2.0;isPrerelease=true]Microsoft.Azure.Data.SchemaRegistry.ApacheAvro,1.0.0-beta.8
azureanalyticssynapseaccesscontrol,[tfm=netstandard2.0;isPrerelease=true;customSource=https://pkgs.dev.azure.com/azure-sdk/public/_packaging/azure-sdk-for-net/nuget/v3/index.json]Azure.Analytics.Synapse.AccessControl,1.0.0-alpha.20230410.1
azureanalyticssynapsespark,[tfm=netstandard2.0;isPrerelease=true;customSource=https://pkgs.dev.azure.com/azure-sdk/public/_packaging/azure-sdk-for-net/nuget/v3/index.json]Azure.Analytics.Synapse.Spark,1.0.0-alpha.20230410.1
azureresourcemanagercosmosdb,[tfm=netstandard2.0;isPrerelease=true;customSource=https://pkgs.dev.azure.com/azure-sdk/public/_packaging/azure-sdk-for-net/nuget/v3/index.json]Azure.ResourceManager.CosmosDB,1.3.0-alpha.20230411.1
azureresourcemanagerdns,[tfm=netstandard2.0;isPrerelease=true;customSource=https://pkgs.dev.azure.com/azure-sdk/public/_packaging/azure-sdk-for-net/nuget/v3/index.json]Azure.ResourceManager.Dns,1.1.0-alpha.20230411.1
azureresourcemanagerinsights,[tfm=netstandard2.0;isPrerelease=true]Azure.ResourceManager.Insights,1.0.0-preview.1
microsoftazurecorespatial,[tfm=netstandard2.0;isPrerelease=true]Microsoft.Azure.Core.Spatial,1.2.0-beta.1
microsoftazurecorespatialnewtonsoftjson,[tfm=netstandard2.0;isPrerelease=true]Microsoft.Azure.Core.Spatial.NewtonsoftJson,1.1.0-beta.1
microsoftazurecognitiveservicesknowledgeqnamaker,[tfm=netstandard2.0;isPrerelease=true;customSource=https://pkgs.dev.azure.com/azure-sdk/public/_packaging/azure-sdk-for-net/nuget/v3/index.json]Microsoft.Azure.CognitiveServices.Knowledge.QnAMaker,3.0.0-alpha.20230411.1
azureanalyticssynapsemonitoring,[tfm=netstandard2.0;isPrerelease=true;customSource=https://pkgs.dev.azure.com/azure-sdk/public/_packaging/azure-sdk-for-net/nuget/v3/index.json]Azure.Analytics.Synapse.Monitoring,1.0.0-alpha.20230410.1
microsoftopentelemetryexporterazuremonitor,[tfm=netstandard2.0;isPrerelease=true]Microsoft.OpenTelemetry.Exporter.AzureMonitor,1.0.0-beta.1
azureanalyticssynapsemanagedprivateendpoints,[tfm=netstandard2.0;isPrerelease=true;customSource=https://pkgs.dev.azure.com/azure-sdk/public/_packaging/azure-sdk-for-net/nuget/v3/index.json]Azure.Analytics.Synapse.ManagedPrivateEndpoints,1.0.0-alpha.20230410.1
azuremediaanalyticsedge,[tfm=netstandard2.0;isPrerelease=true]Azure.Media.Analytics.Edge,1.0.0-beta.1
microsoftazurecontainerregistry,[tfm=netstandard2.0;isPrerelease=true]Microsoft.Azure.ContainerRegistry,1.0.0-preview.2
azurequantumjobs,[tfm=netstandard2.0;isPrerelease=true]Azure.Quantum.Jobs,1.0.0-beta.3
microsoftazurecognitiveserviceslanguageluisauthoring,[tfm=netstandard2.0;isPrerelease=true;customSource=https://pkgs.dev.azure.com/azure-sdk/public/_packaging/azure-sdk-for-net/nuget/v3/index.json]Microsoft.Azure.CognitiveServices.Language.LUIS.Authoring,3.2.0-alpha.20230411.1
azuremixedrealityobjectanchorsconversion,[tfm=netstandard2.0;isPrerelease=true;customSource=https://pkgs.dev.azure.com/azure-sdk/public/_packaging/azure-sdk-for-net/nuget/v3/index.json]Azure.MixedReality.ObjectAnchors.Conversion,0.3.0-alpha.20230411.1
azuremonitoropentelemetryexporter,[tfm=netstandard2.0;isPrerelease=true;customSource=https://pkgs.dev.azure.com/azure-sdk/public/_packaging/azure-sdk-for-net/nuget/v3/index.json]Azure.Monitor.OpenTelemetry.Exporter,1.0.0-alpha.20230411.1
azureiotdeviceupdate,[tfm=netstandard2.0;isPrerelease=true;customSource=https://pkgs.dev.azure.com/azure-sdk/public/_packaging/azure-sdk-for-net/nuget/v3/index.json]Azure.IoT.DeviceUpdate,1.1.0-alpha.20230411.1
azureiotmodelsrepository,[tfm=netstandard2.0;isPrerelease=true]Azure.IoT.ModelsRepository,1.0.0-preview.5
azurepurviewscanning,[tfm=netstandard2.0;isPrerelease=true;customSource=https://pkgs.dev.azure.com/azure-sdk/public/_packaging/azure-sdk-for-net/nuget/v3/index.json]Azure.Analytics.Purview.Scanning,1.0.0-alpha.20230411.1
microsoftazurewebjobsextensionseventgrid,[tfm=netstandard2.0;isPrerelease=true]Microsoft.Azure.WebJobs.Extensions.EventGrid,3.0.0-beta.4
azuretemplate,[tfm=netstandard2.0;isPrerelease=true;customSource=https://pkgs.dev.azure.com/azure-sdk/public/_packaging/azure-sdk-for-net/nuget/v3/index.json]Azure.Template,1.0.3-alpha.20230411.1
azureaitranslationdocument,[tfm=netstandard2.0;isPrerelease=true;customSource=https://pkgs.dev.azure.com/azure-sdk/public/_packaging/azure-sdk-for-net/nuget/v3/index.json]Azure.AI.Translation.Document,1.1.0-alpha.20230411.1
azurecontainerscontainerregistry,[tfm=netstandard2.0;isPrerelease=true;customSource=https://pkgs.dev.azure.com/azure-sdk/public/_packaging/azure-sdk-for-net/nuget/v3/index.json]Azure.Containers.ContainerRegistry,1.1.0-alpha.20230411.1
azureanalyticspurviewcatalog,[tfm=netstandard2.0;isPrerelease=true;customSource=https://pkgs.dev.azure.com/azure-sdk/public/_packaging/azure-sdk-for-net/nuget/v3/index.json]Azure.Analytics.Purview.Catalog,1.0.0-alpha.20230411.1
azurecommunicationnetworktraversal,[tfm=netstandard2.0;isPrerelease=true;customSource=https://pkgs.dev.azure.com/azure-sdk/public/_packaging/azure-sdk-for-net/nuget/v3/index.json]Azure.Communication.NetworkTraversal,1.1.0-alpha.20230411.1
azuremediavideoanalyzeredge,[tfm=netstandard2.0;isPrerelease=true]Azure.Media.VideoAnalyzer.Edge,1.0.0-beta.6
azureverticalsagrifoodfarming,[tfm=netstandard2.0;isPrerelease=true;customSource=https://pkgs.dev.azure.com/azure-sdk/public/_packaging/azure-sdk-for-net/nuget/v3/index.json]Azure.Verticals.AgriFood.Farming,1.0.0-alpha.20230410.1
microsoftazurewebjobsextensionswebpubsub,[tfm=netstandard2.0;isPrerelease=true;customSource=https://pkgs.dev.azure.com/azure-sdk/public/_packaging/azure-sdk-for-net/nuget/v3/index.json]Microsoft.Azure.WebJobs.Extensions.WebPubSub,1.5.0-alpha.20230411.1
azuresecurityconfidentialledger,[tfm=netstandard2.0;isPrerelease=true;customSource=https://pkgs.dev.azure.com/azure-sdk/public/_packaging/azure-sdk-for-net/nuget/v3/index.json]Azure.Security.ConfidentialLedger,1.2.0-alpha.20230410.1
azurecommunicationcallingserver,[tfm=netstandard2.0;isPrerelease=true;customSource=https://pkgs.dev.azure.com/azure-sdk/public/_packaging/azure-sdk-for-net/nuget/v3/index.json]Azure.Communication.CallingServer,1.0.0-alpha.20230411.1
azuresearchdocuments,[tfm=netstandard2.0;isPrerelease=true;customSource=https://pkgs.dev.azure.com/azure-sdk/public/_packaging/azure-sdk-for-net/nuget/v3/index.json]Azure.Search.Documents,11.5.0-alpha.20230411.1
azureailanguagequestionanswering,[tfm=netstandard2.0;isPrerelease=true;customSource=https://pkgs.dev.azure.com/azure-sdk/public/_packaging/azure-sdk-for-net/nuget/v3/index.json]Azure.AI.Language.QuestionAnswering,1.2.0-alpha.20230411.1
azuredigitaltwinscore,[tfm=netstandard2.0;isPrerelease=true;customSource=https://pkgs.dev.azure.com/azure-sdk/public/_packaging/azure-sdk-for-net/nuget/v3/index.json]Azure.DigitalTwins.Core,1.5.0-alpha.20230411.1
azureaitextanalytics,[tfm=netstandard2.0;isPrerelease=true]Azure.AI.TextAnalytics,5.3.0-beta.3
azuresecuritykeyvaultadministration,[tfm=netstandard2.0;isPrerelease=true;customSource=https://pkgs.dev.azure.com/azure-sdk/public/_packaging/azure-sdk-for-net/nuget/v3/index.json]Azure.Security.KeyVault.Administration,4.4.0-alpha.20230411.1
azuresecuritykeyvaultcertificates,[tfm=netstandard2.0;isPrerelease=true;customSource=https://pkgs.dev.azure.com/azure-sdk/public/_packaging/azure-sdk-for-net/nuget/v3/index.json]Azure.Security.KeyVault.Certificates,4.6.0-alpha.20230411.1
azuresecuritykeyvaultkeys,[tfm=netstandard2.0;isPrerelease=true;customSource=https://pkgs.dev.azure.com/azure-sdk/public/_packaging/azure-sdk-for-net/nuget/v3/index.json]Azure.Security.KeyVault.Keys,4.6.0-alpha.20230411.1
azuresecuritykeyvaultsecrets,[tfm=netstandard2.0;isPrerelease=true;customSource=https://pkgs.dev.azure.com/azure-sdk/public/_packaging/azure-sdk-for-net/nuget/v3/index.json]Azure.Security.KeyVault.Secrets,4.6.0-alpha.20230411.1
azureanalyticspurviewaccount,[tfm=netstandard2.0;isPrerelease=true;customSource=https://pkgs.dev.azure.com/azure-sdk/public/_packaging/azure-sdk-for-net/nuget/v3/index.json]Azure.Analytics.Purview.Account,1.0.0-alpha.20230411.1
azureresourcemanager,[tfm=netstandard2.0;isPrerelease=true;customSource=https://pkgs.dev.azure.com/azure-sdk/public/_packaging/azure-sdk-for-net/nuget/v3/index.json]Azure.ResourceManager,1.5.0-alpha.20230411.1
azuremessagingservicebus,[tfm=netstandard2.0;isPrerelease=true;customSource=https://pkgs.dev.azure.com/azure-sdk/public/_packaging/azure-sdk-for-net/nuget/v3/index.json]Azure.Messaging.ServiceBus,7.14.0-alpha.20230411.1
azureaiformrecognizer,[tfm=netstandard2.0;isPrerelease=true;customSource=https://pkgs.dev.azure.com/azure-sdk/public/_packaging/azure-sdk-for-net/nuget/v3/index.json]Azure.AI.FormRecognizer,4.1.0-alpha.20230410.4
azureaipersonalizer,[tfm=netstandard2.0;isPrerelease=true;customSource=https://pkgs.dev.azure.com/azure-sdk/public/_packaging/azure-sdk-for-net/nuget/v3/index.json]Azure.AI.Personalizer,2.0.0-alpha.20230411.1
azureanalyticspurviewadministration,[tfm=netstandard2.0;isPrerelease=true;customSource=https://pkgs.dev.azure.com/azure-sdk/public/_packaging/azure-sdk-for-net/nuget/v3/index.json]Azure.Analytics.Purview.Administration,1.0.0-alpha.20230411.1
microsoftazurewebpubsubcommon,[tfm=netstandard2.0;isPrerelease=true;customSource=https://pkgs.dev.azure.com/azure-sdk/public/_packaging/azure-sdk-for-net/nuget/v3/index.json]Microsoft.Azure.WebPubSub.Common,1.3.0-alpha.20230411.1
azurecommunicationidentity,[tfm=netstandard2.0;isPrerelease=true;customSource=https://pkgs.dev.azure.com/azure-sdk/public/_packaging/azure-sdk-for-net/nuget/v3/index.json]Azure.Communication.Identity,1.3.0-alpha.20230411.1
azureailanguageconversations,[tfm=netstandard2.0;isPrerelease=true;customSource=https://pkgs.dev.azure.com/azure-sdk/public/_packaging/azure-sdk-for-net/nuget/v3/index.json]Azure.AI.Language.Conversations,1.1.0-alpha.20230411.1
azurestorageblobs,[tfm=netstandard2.0;isPrerelease=true;customSource=https://pkgs.dev.azure.com/azure-sdk/public/_packaging/azure-sdk-for-net/nuget/v3/index.json]Azure.Storage.Blobs,12.16.0-alpha.20230411.5
azurestorageblobsbatch,[tfm=netstandard2.0;isPrerelease=true;customSource=https://pkgs.dev.azure.com/azure-sdk/public/_packaging/azure-sdk-for-net/nuget/v3/index.json]Azure.Storage.Blobs.Batch,12.13.0-alpha.20230411.5
azurestoragecommon,[tfm=netstandard2.0;isPrerelease=true;customSource=https://pkgs.dev.azure.com/azure-sdk/public/_packaging/azure-sdk-for-net/nuget/v3/index.json]Azure.Storage.Common,12.15.0-alpha.20230411.5
azurestoragefilesdatalake,[tfm=netstandard2.0;isPrerelease=true;customSource=https://pkgs.dev.azure.com/azure-sdk/public/_packaging/azure-sdk-for-net/nuget/v3/index.json]Azure.Storage.Files.DataLake,12.14.0-alpha.20230411.5
azurestoragefilesshares,[tfm=netstandard2.0;isPrerelease=true;customSource=https://pkgs.dev.azure.com/azure-sdk/public/_packaging/azure-sdk-for-net/nuget/v3/index.json]Azure.Storage.Files.Shares,12.14.0-alpha.20230411.5
azurestoragequeues,[tfm=netstandard2.0;isPrerelease=true;customSource=https://pkgs.dev.azure.com/azure-sdk/public/_packaging/azure-sdk-for-net/nuget/v3/index.json]Azure.Storage.Queues,12.14.0-alpha.20230411.5
azuremessagingeventhubs,[tfm=netstandard2.0;isPrerelease=true;customSource=https://pkgs.dev.azure.com/azure-sdk/public/_packaging/azure-sdk-for-net/nuget/v3/index.json]Azure.Messaging.EventHubs,5.10.0-alpha.20230411.3
azuremessagingeventhubsprocessor,[tfm=netstandard2.0;isPrerelease=true;customSource=https://pkgs.dev.azure.com/azure-sdk/public/_packaging/azure-sdk-for-net/nuget/v3/index.json]Azure.Messaging.EventHubs.Processor,5.9.0-alpha.20230411.3
azuremessagingeventhubsprocessor,[tfm=netstandard2.0;isPrerelease=true]Microsoft.Azure.Management.Chaos,0.9.15-preview
microsoftazurewebpubsubaspnetcore,[tfm=netstandard2.0;isPrerelease=true;customSource=https://pkgs.dev.azure.com/azure-sdk/public/_packaging/azure-sdk-for-net/nuget/v3/index.json]Microsoft.Azure.WebPubSub.AspNetCore,1.0.0-alpha.20230411.1
azureresourcemanagerdeviceupdate,[tfm=netstandard2.0;isPrerelease=true;customSource=https://pkgs.dev.azure.com/azure-sdk/public/_packaging/azure-sdk-for-net/nuget/v3/index.json]Azure.ResourceManager.DeviceUpdate,1.0.0-alpha.20230410.1
azureresourcemanageredgeorder,[tfm=netstandard2.0;isPrerelease=true;customSource=https://pkgs.dev.azure.com/azure-sdk/public/_packaging/azure-sdk-for-net/nuget/v3/index.json]Azure.ResourceManager.EdgeOrder,1.1.0-alpha.20230411.1
azureresourcemanagerservicebus,[tfm=netstandard2.0;isPrerelease=true;customSource=https://pkgs.dev.azure.com/azure-sdk/public/_packaging/azure-sdk-for-net/nuget/v3/index.json]Azure.ResourceManager.ServiceBus,1.1.0-alpha.20230411.1
azureresourcemanagercdn,[tfm=netstandard2.0;isPrerelease=true;customSource=https://pkgs.dev.azure.com/azure-sdk/public/_packaging/azure-sdk-for-net/nuget/v3/index.json]Azure.ResourceManager.Cdn,1.2.0-alpha.20230411.1
azureresourcemanagerwebpubsub,[tfm=netstandard2.0;isPrerelease=true;customSource=https://pkgs.dev.azure.com/azure-sdk/public/_packaging/azure-sdk-for-net/nuget/v3/index.json]Azure.ResourceManager.WebPubSub,1.1.0-alpha.20230410.1
azureresourcemanagersql,[tfm=netstandard2.0;isPrerelease=true;customSource=https://pkgs.dev.azure.com/azure-sdk/public/_packaging/azure-sdk-for-net/nuget/v3/index.json]Azure.ResourceManager.Sql,1.3.0-alpha.20230411.1
microsoftazurewebjobsextensionssignalrservice,[tfm=netstandard2.0;isPrerelease=true;customSource=https://pkgs.dev.azure.com/azure-sdk/public/_packaging/azure-sdk-for-net/nuget/v3/index.json]Microsoft.Azure.WebJobs.Extensions.SignalRService,1.10.0-alpha.20230410.1
azureresourcemanagercommunication,[tfm=netstandard2.0;isPrerelease=true;customSource=https://pkgs.dev.azure.com/azure-sdk/public/_packaging/azure-sdk-for-net/nuget/v3/index.json]Azure.ResourceManager.Communication,1.2.0-alpha.20230410.1
azureresourcemanagerconnectedvmwarevsphere,[tfm=netstandard2.0;isPrerelease=true]Azure.ResourceManager.ConnectedVMwarevSphere,1.0.0-beta.6
microsoftazurewebjobsextensionstables,[tfm=netstandard2.0;isPrerelease=true;customSource=https://pkgs.dev.azure.com/azure-sdk/public/_packaging/azure-sdk-for-net/nuget/v3/index.json]Microsoft.Azure.WebJobs.Extensions.Tables,1.2.0-alpha.20230411.1
azurecommunicationphonenumbers,[tfm=netstandard2.0;isPrerelease=true;customSource=https://pkgs.dev.azure.com/azure-sdk/public/_packaging/azure-sdk-for-net/nuget/v3/index.json]Azure.Communication.PhoneNumbers,1.2.0-alpha.20230411.1
azureresourcemanagerstoragepool,[tfm=netstandard2.0;isPrerelease=true]Azure.ResourceManager.StoragePool,1.0.0-beta.4
azureidentity,[tfm=netstandard2.0;isPrerelease=true;customSource=https://pkgs.dev.azure.com/azure-sdk/public/_packaging/azure-sdk-for-net/nuget/v3/index.json]Azure.Identity,1.9.0-alpha.20230411.1
azureidentitybrokeredauthentication,[tfm=netstandard2.0;isPrerelease=true;customSource=https://pkgs.dev.azure.com/azure-sdk/public/_packaging/azure-sdk-for-net/nuget/v3/index.json]Azure.Identity.BrokeredAuthentication,1.0.0-alpha.20230411.1
azureresourcemanagerhci,[tfm=netstandard2.0;isPrerelease=true;customSource=https://pkgs.dev.azure.com/azure-sdk/public/_packaging/azure-sdk-for-net/nuget/v3/index.json]Azure.ResourceManager.Hci,1.1.0-alpha.20230410.1
azureresourcemanagerdnsresolver,[tfm=netstandard2.0;isPrerelease=true;customSource=https://pkgs.dev.azure.com/azure-sdk/public/_packaging/azure-sdk-for-net/nuget/v3/index.json]Azure.ResourceManager.DnsResolver,1.1.0-alpha.20230411.1
azureresourcemanagermonitor,[tfm=netstandard2.0;isPrerelease=true;customSource=https://pkgs.dev.azure.com/azure-sdk/public/_packaging/azure-sdk-for-net/nuget/v3/index.json]Azure.ResourceManager.Monitor,1.2.0-alpha.20230410.1
azureresourcemanagerextendedlocation,[tfm=netstandard2.0;isPrerelease=true]Azure.ResourceManager.ExtendedLocation,1.0.0-beta.2
azureresourcemanagerappservice,[tfm=netstandard2.0;isPrerelease=true;customSource=https://pkgs.dev.azure.com/azure-sdk/public/_packaging/azure-sdk-for-net/nuget/v3/index.json]Azure.ResourceManager.AppService,1.1.0-alpha.20230410.1
azuremanagedserviceidentity,[tfm=netstandard2.0;isPrerelease=true]Microsoft.Azure.Management.ManagedServiceIdentity,3.0.0-beta.1
azuremessagingeventgrid,[tfm=netstandard2.0;isPrerelease=true]Azure.Messaging.EventGrid,4.11.0-beta.2
azureresourcemanagergrafana,[tfm=netstandard2.0;isPrerelease=true]Azure.ResourceManager.Grafana,1.0.0-beta.2
azuredatatables,[tfm=netstandard2.0;isPrerelease=true;customSource=https://pkgs.dev.azure.com/azure-sdk/public/_packaging/azure-sdk-for-net/nuget/v3/index.json]Azure.Data.Tables,12.9.0-alpha.20230411.1
azureresourcemanagerservicelinker,[tfm=netstandard2.0;isPrerelease=true;customSource=https://pkgs.dev.azure.com/azure-sdk/public/_packaging/azure-sdk-for-net/nuget/v3/index.json]Azure.ResourceManager.ServiceLinker,1.1.0-alpha.20230411.1
azurecommunicationemail,[tfm=netstandard2.0;isPrerelease=true;customSource=https://pkgs.dev.azure.com/azure-sdk/public/_packaging/azure-sdk-for-net/nuget/v3/index.json]Azure.Communication.Email,1.1.0-alpha.20230411.1
azureresourcemanagermachinelearning,[tfm=netstandard2.0;isPrerelease=true;customSource=https://pkgs.dev.azure.com/azure-sdk/public/_packaging/azure-sdk-for-net/nuget/v3/index.json]Azure.ResourceManager.MachineLearning,1.2.0-alpha.20230410.1
azureresourcemanagerapplicationscontainers,[tfm=netstandard2.0;isPrerelease=true]Azure.ResourceManager.Applications.Containers,1.0.0-beta.1
azureresourcemanagerdynatrace,[tfm=netstandard2.0;isPrerelease=true;customSource=https://pkgs.dev.azure.com/azure-sdk/public/_packaging/azure-sdk-for-net/nuget/v3/index.json]Azure.ResourceManager.Dynatrace,1.1.0-alpha.20230411.1
azureresourcemanageriotcentral,[tfm=netstandard2.0;isPrerelease=true;customSource=https://pkgs.dev.azure.com/azure-sdk/public/_packaging/azure-sdk-for-net/nuget/v3/index.json]Azure.ResourceManager.IotCentral,1.1.0-alpha.20230411.1
azureresourcemanagerrelay,[tfm=netstandard2.0;isPrerelease=true;customSource=https://pkgs.dev.azure.com/azure-sdk/public/_packaging/azure-sdk-for-net/nuget/v3/index.json]Azure.ResourceManager.Relay,1.2.0-alpha.20230411.1
azureresourcemanagermanagedserviceidentities,[tfm=netstandard2.0;isPrerelease=true;customSource=https://pkgs.dev.azure.com/azure-sdk/public/_packaging/azure-sdk-for-net/nuget/v3/index.json]Azure.ResourceManager.ManagedServiceIdentities,1.2.0-alpha.20230411.1
azureresourcemanagerworkloads,[tfm=netstandard2.0;isPrerelease=true;customSource=https://pkgs.dev.azure.com/azure-sdk/public/_packaging/azure-sdk-for-net/nuget/v3/index.json]Azure.ResourceManager.Workloads,1.0.0-alpha.20230411.1
azureresourcemanagerdesktopvirtualization,[tfm=netstandard2.0;isPrerelease=true;customSource=https://pkgs.dev.azure.com/azure-sdk/public/_packaging/azure-sdk-for-net/nuget/v3/index.json]Azure.ResourceManager.DesktopVirtualization,1.1.0-alpha.20230411.1
azuremonitoringestion,[tfm=netstandard2.0;isPrerelease=true;customSource=https://pkgs.dev.azure.com/azure-sdk/public/_packaging/azure-sdk-for-net/nuget/v3/index.json]Azure.Monitor.Ingestion,1.1.0-alpha.20230411.1
azureresourcemanageralertsmanagement,[tfm=netstandard2.0;isPrerelease=true;customSource=https://pkgs.dev.azure.com/azure-sdk/public/_packaging/azure-sdk-for-net/nuget/v3/index.json]Azure.ResourceManager.AlertsManagement,1.1.0-alpha.20230411.1
azureresourcemanagerhdinsight,[tfm=netstandard2.0;isPrerelease=true]Azure.ResourceManager.HDInsight,1.0.0-beta.2
azureresourcemanagercontainerregistry,[tfm=netstandard2.0;isPrerelease=true;customSource=https://pkgs.dev.azure.com/azure-sdk/public/_packaging/azure-sdk-for-net/nuget/v3/index.json]Azure.ResourceManager.ContainerRegistry,1.2.0-alpha.20230411.1
azureresourcemanagerextendedlocations,[tfm=netstandard2.0;isPrerelease=true;customSource=https://pkgs.dev.azure.com/azure-sdk/public/_packaging/azure-sdk-for-net/nuget/v3/index.json]Azure.ResourceManager.ExtendedLocations,1.1.0-alpha.20230411.1
azureresourcemanagerappcontainers,[tfm=netstandard2.0;isPrerelease=true;customSource=https://pkgs.dev.azure.com/azure-sdk/public/_packaging/azure-sdk-for-net/nuget/v3/index.json]Azure.ResourceManager.AppContainers,1.1.0-alpha.20230411.1
azureresourcemanagerlogic,[tfm=netstandard2.0;isPrerelease=true]Azure.ResourceManager.Logic,1.0.0-beta.2
azureresourcemanagercognitiveservices,[tfm=netstandard2.0;isPrerelease=true;customSource=https://pkgs.dev.azure.com/azure-sdk/public/_packaging/azure-sdk-for-net/nuget/v3/index.json]Azure.ResourceManager.CognitiveServices,1.3.0-alpha.20230411.1
azureresourcemanagercontainerinstance,[tfm=netstandard2.0;isPrerelease=true;customSource=https://pkgs.dev.azure.com/azure-sdk/public/_packaging/azure-sdk-for-net/nuget/v3/index.json]Azure.ResourceManager.ContainerInstance,1.1.0-alpha.20230411.1
azureresourcemanagermysql,[tfm=netstandard2.0;isPrerelease=true;customSource=https://pkgs.dev.azure.com/azure-sdk/public/_packaging/azure-sdk-for-net/nuget/v3/index.json]Azure.ResourceManager.MySql,1.1.0-alpha.20230410.1
azureresourcemanagerreservations,[tfm=netstandard2.0;isPrerelease=true;customSource=https://pkgs.dev.azure.com/azure-sdk/public/_packaging/azure-sdk-for-net/nuget/v3/index.json]Azure.ResourceManager.Reservations,1.4.0-alpha.20230411.1
azureresourcemanagermigrate,[tfm=netstandard2.0;isPrerelease=true]Azure.ResourceManager.Migrate,1.0.0-beta.1
azureresourcemanagerauthorization,[tfm=netstandard2.0;isPrerelease=true;customSource=https://pkgs.dev.azure.com/azure-sdk/public/_packaging/azure-sdk-for-net/nuget/v3/index.json]Azure.ResourceManager.Authorization,1.1.0-alpha.20230411.1
azureresourcemanagerdatafactory,[tfm=netstandard2.0;isPrerelease=true;customSource=https://pkgs.dev.azure.com/azure-sdk/public/_packaging/azure-sdk-for-net/nuget/v3/index.json]Azure.ResourceManager.DataFactory,1.0.0-alpha.20230411.1
azureresourcemanagercontainerservice,[tfm=netstandard2.0;isPrerelease=true]Azure.ResourceManager.ContainerService,1.2.0-beta.1
azureresourcemanagernotificationhubs,[tfm=netstandard2.0;isPrerelease=true;customSource=https://pkgs.dev.azure.com/azure-sdk/public/_packaging/azure-sdk-for-net/nuget/v3/index.json]Azure.ResourceManager.NotificationHubs,1.1.0-alpha.20230410.1
azureresourcemanagerapimanagement,[tfm=netstandard2.0;isPrerelease=true;customSource=https://pkgs.dev.azure.com/azure-sdk/public/_packaging/azure-sdk-for-net/nuget/v3/index.json]Azure.ResourceManager.ApiManagement,1.1.0-alpha.20230411.1
azureresourcemanagerredisenterprisecache,[tfm=netstandard2.0;isPrerelease=true]Azure.ResourceManager.RedisEnterpriseCache,1.0.0-beta.1
azureresourcemanagerpostgresql,[tfm=netstandard2.0;isPrerelease=true;customSource=https://pkgs.dev.azure.com/azure-sdk/public/_packaging/azure-sdk-for-net/nuget/v3/index.json]Azure.ResourceManager.PostgreSql,1.2.0-alpha.20230410.1
azureresourcemanagerstreamanalytics,[tfm=netstandard2.0;isPrerelease=true;customSource=https://pkgs.dev.azure.com/azure-sdk/public/_packaging/azure-sdk-for-net/nuget/v3/index.json]Azure.ResourceManager.StreamAnalytics,1.2.0-alpha.20230411.1
azureresourcemanagermedia,[tfm=netstandard2.0;isPrerelease=true]Azure.ResourceManager.Media,1.0.0-beta.3
azureresourcemanagerarcscvmm,[tfm=netstandard2.0;isPrerelease=true;customSource=https://pkgs.dev.azure.com/azure-sdk/public/_packaging/azure-sdk-for-net/nuget/v3/index.json]Azure.ResourceManager.ArcScVmm,1.0.0-alpha.20230410.1
azureresourcemanagerservicefabric,[tfm=netstandard2.0;isPrerelease=true;customSource=https://pkgs.dev.azure.com/azure-sdk/public/_packaging/azure-sdk-for-net/nuget/v3/index.json]Azure.ResourceManager.ServiceFabric,1.1.0-alpha.20230411.1
azureresourcemanagerfluidrelay,[tfm=netstandard2.0;isPrerelease=true]Azure.ResourceManager.FluidRelay,1.0.0-beta.1
azureresourcemanagerconfidentialledger,[tfm=netstandard2.0;isPrerelease=true;customSource=https://pkgs.dev.azure.com/azure-sdk/public/_packaging/azure-sdk-for-net/nuget/v3/index.json]Azure.ResourceManager.ConfidentialLedger,1.1.0-alpha.20230410.1
azureresourcemanagersqlvirtualmachine,[tfm=netstandard2.0;isPrerelease=true]Azure.ResourceManager.SqlVirtualMachine,1.1.0-alpha.20230410.1
azureresourcemanagerredis,[tfm=netstandard2.0;isPrerelease=true]Azure.ResourceManager.Redis,1.0.0-beta.1
azureresourcemanagerguestconfiguration,[tfm=netstandard2.0;isPrerelease=true;customSource=https://pkgs.dev.azure.com/azure-sdk/public/_packaging/azure-sdk-for-net/nuget/v3/index.json]Azure.ResourceManager.GuestConfiguration,1.1.0-alpha.20230411.1
azureresourcemanagerbatch,[tfm=netstandard2.0;isPrerelease=true;customSource=https://pkgs.dev.azure.com/azure-sdk/public/_packaging/azure-sdk-for-net/nuget/v3/index.json]Azure.ResourceManager.Batch,1.2.0-alpha.20230411.1
azureresourcemanagerhybridconnectivity,[tfm=netstandard2.0;isPrerelease=true]Azure.ResourceManager.HybridConnectivity,1.0.0-beta.2
azureresourcemanagernetworkfunction,[tfm=netstandard2.0;isPrerelease=true;customSource=https://pkgs.dev.azure.com/azure-sdk/public/_packaging/azure-sdk-for-net/nuget/v3/index.json]Azure.ResourceManager.NetworkFunction,1.0.0-alpha.20230411.1
azureresourcemanageriothub,[tfm=netstandard2.0;isPrerelease=true;customSource=https://pkgs.dev.azure.com/azure-sdk/public/_packaging/azure-sdk-for-net/nuget/v3/index.json]Azure.ResourceManager.IotHub,1.1.0-alpha.20230410.1
azureanalyticspurviewshare,[tfm=netstandard2.0;isPrerelease=true;customSource=https://pkgs.dev.azure.com/azure-sdk/public/_packaging/azure-sdk-for-net/nuget/v3/index.json]Azure.Analytics.Purview.Share,1.0.3-alpha.20230411.1
azurecommunicationrooms,[tfm=netstandard2.0;isPrerelease=true;customSource=https://pkgs.dev.azure.com/azure-sdk/public/_packaging/azure-sdk-for-net/nuget/v3/index.json]Azure.Communication.Rooms,1.0.0-alpha.20230411.1
azuremessagingwebpubsub,[tfm=netstandard2.0;isPrerelease=true;customSource=https://pkgs.dev.azure.com/azure-sdk/public/_packaging/azure-sdk-for-net/nuget/v3/index.json]Azure.Messaging.WebPubSub,1.4.0-alpha.20230411.1
azureresourcemanagerdeviceprovisioningservices,[tfm=netstandard2.0;isPrerelease=true;customSource=https://pkgs.dev.azure.com/azure-sdk/public/_packaging/azure-sdk-for-net/nuget/v3/index.json]Azure.ResourceManager.DeviceProvisioningServices,1.2.0-alpha.20230411.1
azureresourcemanagerhealthcareapis,[tfm=netstandard2.0;isPrerelease=true;customSource=https://pkgs.dev.azure.com/azure-sdk/public/_packaging/azure-sdk-for-net/nuget/v3/index.json]Azure.ResourceManager.HealthcareApis,1.1.0-alpha.20230411.1
azureresourcemanagerstoragesync,[tfm=netstandard2.0;isPrerelease=true;customSource=https://pkgs.dev.azure.com/azure-sdk/public/_packaging/azure-sdk-for-net/nuget/v3/index.json]Azure.ResourceManager.StorageSync,1.2.0-alpha.20230411.1
azureresourcemanagerlabservices,[tfm=netstandard2.0;isPrerelease=true;customSource=https://pkgs.dev.azure.com/azure-sdk/public/_packaging/azure-sdk-for-net/nuget/v3/index.json]Azure.ResourceManager.LabServices,1.1.0-alpha.20230411.1
azureresourcemanagerdigitaltwins,[tfm=netstandard2.0;isPrerelease=true;customSource=https://pkgs.dev.azure.com/azure-sdk/public/_packaging/azure-sdk-for-net/nuget/v3/index.json]Azure.ResourceManager.DigitalTwins,1.3.0-alpha.20230410.1
azureresourcemanagerservicefabricmanagedclusters,[tfm=netstandard2.0;isPrerelease=true;customSource=https://pkgs.dev.azure.com/azure-sdk/public/_packaging/azure-sdk-for-net/nuget/v3/index.json]Azure.ResourceManager.ServiceFabricManagedClusters,1.1.0-alpha.20230410.1
azureresourcemanagermixedreality,[tfm=netstandard2.0;isPrerelease=true;customSource=https://pkgs.dev.azure.com/azure-sdk/public/_packaging/azure-sdk-for-net/nuget/v3/index.json]Azure.ResourceManager.MixedReality,1.1.0-alpha.20230411.1
azureresourcemanagerkusto,[tfm=netstandard2.0;isPrerelease=true;customSource=https://pkgs.dev.azure.com/azure-sdk/public/_packaging/azure-sdk-for-net/nuget/v3/index.json]Azure.ResourceManager.Kusto,1.4.0-alpha.20230411.1
azureresourcemanageravs,[tfm=netstandard2.0;isPrerelease=true;customSource=https://pkgs.dev.azure.com/azure-sdk/public/_packaging/azure-sdk-for-net/nuget/v3/index.json]Azure.ResourceManager.Avs,1.2.0-alpha.20230411.1
azureresourcemanagerconfluent,[tfm=netstandard2.0;isPrerelease=true;customSource=https://pkgs.dev.azure.com/azure-sdk/public/_packaging/azure-sdk-for-net/nuget/v3/index.json]Azure.ResourceManager.Confluent,1.1.0-alpha.20230411.1
azureresourcemanagerchangeanalysis,[tfm=netstandard2.0;isPrerelease=true;customSource=https://pkgs.dev.azure.com/azure-sdk/public/_packaging/azure-sdk-for-net/nuget/v3/index.json]Azure.ResourceManager.ChangeAnalysis,1.1.0-alpha.20230411.1
azureresourcemanagerdatashare,[tfm=netstandard2.0;isPrerelease=true;customSource=https://pkgs.dev.azure.com/azure-sdk/public/_packaging/azure-sdk-for-net/nuget/v3/index.json]Azure.ResourceManager.DataShare,1.1.0-alpha.20230411.1
azureresourcemanagermarketplace,[tfm=netstandard2.0;isPrerelease=true;customSource=https://pkgs.dev.azure.com/azure-sdk/public/_packaging/azure-sdk-for-net/nuget/v3/index.json]Azure.ResourceManager.Marketplace,1.1.0-alpha.20230411.1
azureresourcemanagerresourcegraph,[tfm=netstandard2.0;isPrerelease=true]Azure.ResourceManager.ResourceGraph,1.0.0-beta.1
azureresourcemanagerorbital,[tfm=netstandard2.0;isPrerelease=true;customSource=https://pkgs.dev.azure.com/azure-sdk/public/_packaging/azure-sdk-for-net/nuget/v3/index.json]Azure.ResourceManager.Orbital,1.1.0-alpha.20230411.1
azureresourcemanagernetapp,[tfm=netstandard2.0;isPrerelease=true;customSource=https://pkgs.dev.azure.com/azure-sdk/public/_packaging/azure-sdk-for-net/nuget/v3/index.json]Azure.ResourceManager.NetApp,1.2.0-alpha.20230411.1
azureresourcemanagertrafficmanager,[tfm=netstandard2.0;isPrerelease=true;customSource=https://pkgs.dev.azure.com/azure-sdk/public/_packaging/azure-sdk-for-net/nuget/v3/index.json]Azure.ResourceManager.TrafficManager,1.1.0-alpha.20230411.1
azureresourcemanagerfrontdoor,[tfm=netstandard2.0;isPrerelease=true;customSource=https://pkgs.dev.azure.com/azure-sdk/public/_packaging/azure-sdk-for-net/nuget/v3/index.json]Azure.ResourceManager.FrontDoor,1.2.0-alpha.20230411.1
azureresourcemanagerpurview,[tfm=netstandard2.0;isPrerelease=true]Azure.ResourceManager.Purview,1.0.0-beta.1
azureresourcemanagerautomation,[tfm=netstandard2.0;isPrerelease=true]Azure.ResourceManager.Automation,1.0.0-beta.1
azureresourcemanagerdatabox,[tfm=netstandard2.0;isPrerelease=true;customSource=https://pkgs.dev.azure.com/azure-sdk/public/_packaging/azure-sdk-for-net/nuget/v3/index.json]Azure.ResourceManager.DataBox,1.1.0-alpha.20230410.1
azureresourcemanagersubscription,[tfm=netstandard2.0;isPrerelease=true]Azure.ResourceManager.Subscription,1.0.0-beta.1
azureresourcemanagerpeering,[tfm=netstandard2.0;isPrerelease=true;customSource=https://pkgs.dev.azure.com/azure-sdk/public/_packaging/azure-sdk-for-net/nuget/v3/index.json]Azure.ResourceManager.Peering,1.2.0-alpha.20230410.1
azureresourcemanagerdataboxedge,[tfm=netstandard2.0;isPrerelease=true;customSource=https://pkgs.dev.azure.com/azure-sdk/public/_packaging/azure-sdk-for-net/nuget/v3/index.json]Azure.ResourceManager.DataBoxEdge,1.1.0-alpha.20230411.1
azureresourcemanagerredisenterprise,[tfm=netstandard2.0;isPrerelease=true;customSource=https://pkgs.dev.azure.com/azure-sdk/public/_packaging/azure-sdk-for-net/nuget/v3/index.json]Azure.ResourceManager.RedisEnterprise,1.1.0-alpha.20230410.1
azureresourcemanagerresourcemover,[tfm=netstandard2.0;isPrerelease=true;customSource=https://pkgs.dev.azure.com/azure-sdk/public/_packaging/azure-sdk-for-net/nuget/v3/index.json]Azure.ResourceManager.ResourceMover,1.1.0-alpha.20230411.1
azureresourcemanagersecuritycenter,[tfm=netstandard2.0;isPrerelease=true]Azure.ResourceManager.SecurityCenter,1.0.0-beta.1
azureresourcemanagerpolicyinsights,[tfm=netstandard2.0;isPrerelease=true;customSource=https://pkgs.dev.azure.com/azure-sdk/public/_packaging/azure-sdk-for-net/nuget/v3/index.json]Azure.ResourceManager.PolicyInsights,1.2.0-alpha.20230411.1
azureresourcemanagersecurityinsights,[tfm=netstandard2.0;isPrerelease=true;customSource=https://pkgs.dev.azure.com/azure-sdk/public/_packaging/azure-sdk-for-net/nuget/v3/index.json]Azure.ResourceManager.SecurityInsights,1.1.0-alpha.20230411.1
azureresourcemanagerhealthbot,[tfm=netstandard2.0;isPrerelease=true]Azure.ResourceManager.Healthbot,1.0.0-beta.1
azureresourcemanagersupport,[tfm=netstandard2.0;isPrerelease=true;customSource=https://pkgs.dev.azure.com/azure-sdk/public/_packaging/azure-sdk-for-net/nuget/v3/index.json]Azure.ResourceManager.Support,1.1.0-alpha.20230410.1
azureresourcemanagermarketplaceordering,[tfm=netstandard2.0;isPrerelease=true;customSource=https://pkgs.dev.azure.com/azure-sdk/public/_packaging/azure-sdk-for-net/nuget/v3/index.json]Azure.ResourceManager.MarketplaceOrdering,1.1.0-alpha.20230410.1
azureresourcemanagersearch,[tfm=netstandard2.0;isPrerelease=true;customSource=https://pkgs.dev.azure.com/azure-sdk/public/_packaging/azure-sdk-for-net/nuget/v3/index.json]Azure.ResourceManager.Search,1.2.0-alpha.20230411.1
azureresourcemanagereventgrid,[tfm=netstandard2.0;isPrerelease=true]Azure.ResourceManager.EventGrid,1.0.0-beta.1
azureresourcemanagerprivatedns,[tfm=netstandard2.0;isPrerelease=true;customSource=https://pkgs.dev.azure.com/azure-sdk/public/_packaging/azure-sdk-for-net/nuget/v3/index.json]Azure.ResourceManager.PrivateDns,1.1.0-alpha.20230411.1
azureresourcemanagermanagedservices,[tfm=netstandard2.0;isPrerelease=true;customSource=https://pkgs.dev.azure.com/azure-sdk/public/_packaging/azure-sdk-for-net/nuget/v3/index.json]Azure.ResourceManager.ManagedServices,1.1.0-alpha.20230410.1
azureresourcemanagerstoragecache,[tfm=netstandard2.0;isPrerelease=true;customSource=https://pkgs.dev.azure.com/azure-sdk/public/_packaging/azure-sdk-for-net/nuget/v3/index.json]Azure.ResourceManager.StorageCache,1.2.0-alpha.20230411.1
azureresourcemanagerdevtestlabs,[tfm=netstandard2.0;isPrerelease=true;customSource=https://pkgs.dev.azure.com/azure-sdk/public/_packaging/azure-sdk-for-net/nuget/v3/index.json]Azure.ResourceManager.DevTestLabs,1.1.0-alpha.20230410.1
azureresourcemanagerconsumption,[tfm=netstandard2.0;isPrerelease=true;customSource=https://pkgs.dev.azure.com/azure-sdk/public/_packaging/azure-sdk-for-net/nuget/v3/index.json]Azure.ResourceManager.Consumption,1.1.0-alpha.20230411.1
azureresourcemanagermaps,[tfm=netstandard2.0;isPrerelease=true]Azure.ResourceManager.Maps,1.0.0-beta.1
azureresourcemanagerbilling,[tfm=netstandard2.0;isPrerelease=true;customSource=https://pkgs.dev.azure.com/azure-sdk/public/_packaging/azure-sdk-for-net/nuget/v3/index.json]Azure.ResourceManager.Billing,1.1.0-alpha.20230411.1
azuremapssearch,[tfm=netstandard2.0;isPrerelease=true]Azure.Maps.Search,1.0.0-beta.3
azuremapscommon,[tfm=netstandard2.0;isPrerelease=true]Azure.Maps.Common,1.0.0-beta.3
azureresourcemanagerappplatform,[tfm=netstandard2.0;isPrerelease=true;customSource=https://pkgs.dev.azure.com/azure-sdk/public/_packaging/azure-sdk-for-net/nuget/v3/index.json]Azure.ResourceManager.AppPlatform,1.1.0-alpha.20230411.1
azureresourcemanagerblueprint,[tfm=netstandard2.0;isPrerelease=true;customSource=https://pkgs.dev.azure.com/azure-sdk/public/_packaging/azure-sdk-for-net/nuget/v3/index.json]Azure.ResourceManager.Blueprint,1.0.0-alpha.20230411.1
azureresourcemanagerautomanage,[tfm=netstandard2.0;isPrerelease=true;customSource=https://pkgs.dev.azure.com/azure-sdk/public/_packaging/azure-sdk-for-net/nuget/v3/index.json]Azure.ResourceManager.Automanage,1.1.0-alpha.20230411.1
azureresourcemanagerattestation,[tfm=netstandard2.0;isPrerelease=true;customSource=https://pkgs.dev.azure.com/azure-sdk/public/_packaging/azure-sdk-for-net/nuget/v3/index.json]Azure.ResourceManager.Attestation,1.0.0-alpha.20230411.1
azureresourcemanagerapplicationinsights,[tfm=netstandard2.0;isPrerelease=true;customSource=https://pkgs.dev.azure.com/azure-sdk/public/_packaging/azure-sdk-for-net/nuget/v3/index.json]Azure.ResourceManager.ApplicationInsights,1.0.0-alpha.20230411.1
azureresourcemanageradvisor,[tfm=netstandard2.0;isPrerelease=true;customSource=https://pkgs.dev.azure.com/azure-sdk/public/_packaging/azure-sdk-for-net/nuget/v3/index.json]Azure.ResourceManager.Advisor,1.0.0-alpha.20230411.1
azureresourcemanagerdatalakestore,[tfm=netstandard2.0;isPrerelease=true;customSource=https://pkgs.dev.azure.com/azure-sdk/public/_packaging/azure-sdk-for-net/nuget/v3/index.json]Azure.ResourceManager.DataLakeStore,1.1.0-alpha.20230411.1
azureresourcemanagerdatadog,[tfm=netstandard2.0;isPrerelease=true;customSource=https://pkgs.dev.azure.com/azure-sdk/public/_packaging/azure-sdk-for-net/nuget/v3/index.json]Azure.ResourceManager.Datadog,1.0.0-alpha.20230411.1
azureresourcemanagerdatalakeanalytics,[tfm=netstandard2.0;isPrerelease=true]Azure.ResourceManager.DataLakeAnalytics,1.1.0-beta.1
azureresourcemanagerchaos,[tfm=netstandard2.0;isPrerelease=true]Azure.ResourceManager.Chaos,1.0.0-beta.3
azureresourcemanagerbotservice,[tfm=netstandard2.0;isPrerelease=true]Azure.ResourceManager.BotService,1.0.0-beta.1
azureresourcemanagercustomerinsights,[tfm=netstandard2.0;isPrerelease=true]Azure.ResourceManager.CustomerInsights,1.0.0-beta.2
azureresourcemanagerdeploymentmanager,[tfm=netstandard2.0;isPrerelease=true]Azure.ResourceManager.DeploymentManager,1.0.0-beta.2
azureresourcemanagerelastic,[tfm=netstandard2.0;isPrerelease=true;customSource=https://pkgs.dev.azure.com/azure-sdk/public/_packaging/azure-sdk-for-net/nuget/v3/index.json]Azure.ResourceManager.Elastic,1.0.0-alpha.20230410.1
azureresourcemanagerdatamigration,[tfm=netstandard2.0;isPrerelease=true;customSource=https://pkgs.dev.azure.com/azure-sdk/public/_packaging/azure-sdk-for-net/nuget/v3/index.json]Azure.ResourceManager.DataMigration,1.0.0-alpha.20230410.1
azureresourcemanagerdevspaces,[tfm=netstandard2.0;isPrerelease=true;customSource=https://pkgs.dev.azure.com/azure-sdk/public/_packaging/azure-sdk-for-net/nuget/v3/index.json]Azure.ResourceManager.DevSpaces,1.0.0-alpha.20230410.1
azureresourcemanagerkubernetes,[tfm=netstandard2.0;isPrerelease=true]Azure.ResourceManager.Kubernetes,1.0.0-beta.2
azureresourcemanageroperationalinsights,[tfm=netstandard2.0;isPrerelease=true;customSource=https://pkgs.dev.azure.com/azure-sdk/public/_packaging/azure-sdk-for-net/nuget/v3/index.json]Azure.ResourceManager.OperationalInsights,1.2.0-alpha.20230410.1
azureresourcemanagermanagednetwork,[tfm=netstandard2.0;isPrerelease=true;customSource=https://pkgs.dev.azure.com/azure-sdk/public/_packaging/azure-sdk-for-net/nuget/v3/index.json]Azure.ResourceManager.ManagedNetwork,1.0.0-alpha.20230410.1
azureresourcemanagerkubernetesconfiguration,[tfm=netstandard2.0;isPrerelease=true;customSource=https://pkgs.dev.azure.com/azure-sdk/public/_packaging/azure-sdk-for-net/nuget/v3/index.json]Azure.ResourceManager.KubernetesConfiguration,1.2.0-alpha.20230410.1
azureresourcemanagermaintenance,[tfm=netstandard2.0;isPrerelease=true;customSource=https://pkgs.dev.azure.com/azure-sdk/public/_packaging/azure-sdk-for-net/nuget/v3/index.json]Azure.ResourceManager.Maintenance,1.2.0-alpha.20230410.1
azureresourcemanagermanagementpartner,[tfm=netstandard2.0;isPrerelease=true;customSource=https://pkgs.dev.azure.com/azure-sdk/public/_packaging/azure-sdk-for-net/nuget/v3/index.json]Azure.ResourceManager.ManagementPartner,1.0.0-alpha.20230410.1
azureresourcemanageragfoodplatform,[tfm=netstandard2.0;isPrerelease=true;customSource=https://pkgs.dev.azure.com/azure-sdk/public/_packaging/azure-sdk-for-net/nuget/v3/index.json]Azure.ResourceManager.AgFoodPlatform,1.0.0-alpha.20230411.1
azureresourcemanagerhybridcompute,[tfm=netstandard2.0;isPrerelease=true;customSource=https://pkgs.dev.azure.com/azure-sdk/public/_packaging/azure-sdk-for-net/nuget/v3/index.json]Azure.ResourceManager.HybridCompute,1.0.0-alpha.20230410.1
azureresourcemanagermachinelearningcompute,[tfm=netstandard2.0;isPrerelease=true]Azure.ResourceManager.MachineLearningCompute,1.0.0-beta.2
azureresourcemanagerrecoveryservicesbackup,[tfm=netstandard2.0;isPrerelease=true;customSource=https://pkgs.dev.azure.com/azure-sdk/public/_packaging/azure-sdk-for-net/nuget/v3/index.json]Azure.ResourceManager.RecoveryServicesBackup,1.1.0-alpha.20230411.1
azureresourcemanagerproviderhub,[tfm=netstandard2.0;isPrerelease=true;customSource=https://pkgs.dev.azure.com/azure-sdk/public/_packaging/azure-sdk-for-net/nuget/v3/index.json]Azure.ResourceManager.ProviderHub,1.1.0-alpha.20230411.1
azureresourcemanagersignalr,[tfm=netstandard2.0;isPrerelease=true;customSource=https://pkgs.dev.azure.com/azure-sdk/public/_packaging/azure-sdk-for-net/nuget/v3/index.json]Azure.ResourceManager.SignalR,1.1.0-alpha.20230411.1
azureresourcemanagerquantum,[tfm=netstandard2.0;isPrerelease=true;customSource=https://pkgs.dev.azure.com/azure-sdk/public/_packaging/azure-sdk-for-net/nuget/v3/index.json]Azure.ResourceManager.Quantum,1.0.0-alpha.20230411.1
azureresourcemanagerrecoveryservicessiterecovery,[tfm=netstandard2.0;isPrerelease=true;customSource=https://pkgs.dev.azure.com/azure-sdk/public/_packaging/azure-sdk-for-net/nuget/v3/index.json]Azure.ResourceManager.RecoveryServicesSiteRecovery,1.0.0-alpha.20230411.1
azureresourcemanagerworkloadmonitor,[tfm=netstandard2.0;isPrerelease=true;customSource=https://pkgs.dev.azure.com/azure-sdk/public/_packaging/azure-sdk-for-net/nuget/v3/index.json]Azure.ResourceManager.WorkloadMonitor,1.0.0-alpha.20230411.1
azureresourcemanagerrecoveryservices,[tfm=netstandard2.0;isPrerelease=true;customSource=https://pkgs.dev.azure.com/azure-sdk/public/_packaging/azure-sdk-for-net/nuget/v3/index.json]Azure.ResourceManager.RecoveryServices,1.1.0-alpha.20230411.1
azureresourcemanagerquota,[tfm=netstandard2.0;isPrerelease=true]Azure.ResourceManager.Quota,1.0.0-alpha.20230411.1
azureresourcemanagerpowerbidedicated,[tfm=netstandard2.0;isPrerelease=true;customSource=https://pkgs.dev.azure.com/azure-sdk/public/_packaging/azure-sdk-for-net/nuget/v3/index.json]Azure.ResourceManager.PowerBIDedicated,1.0.0-alpha.20230411.1
azureresourcemanagersynapse,[tfm=netstandard2.0;isPrerelease=true;customSource=https://pkgs.dev.azure.com/azure-sdk/public/_packaging/azure-sdk-for-net/nuget/v3/index.json]Azure.ResourceManager.Synapse,1.2.0-alpha.20230411.1
azureresourcemanagerdevcenter,[tfm=netstandard2.0;isPrerelease=true]Azure.ResourceManager.DevCenter,1.0.0-beta.2
azuredataappconfiguration,[tfm=netstandard2.0;isPrerelease=true;customSource=https://pkgs.dev.azure.com/azure-sdk/public/_packaging/azure-sdk-for-net/nuget/v3/index.json]Azure.Data.AppConfiguration,1.3.0-alpha.20230411.1
microsoftazurewebjobsextensionsauthenticationevents,[tfm=netstandard2.0;isPrerelease=true;customSource=https://pkgs.dev.azure.com/azure-sdk/public/_packaging/azure-sdk-for-net/nuget/v3/index.json]Microsoft.Azure.WebJobs.Extensions.AuthenticationEvents,1.0.0-alpha.20230411.1
azureresourcemanagersecuritydevops,[tfm=netstandard2.0;isPrerelease=true]Azure.ResourceManager.SecurityDevOps,1.0.0-beta.2
azureresourcemanagerdataprotectionbackup,[tfm=netstandard2.0;isPrerelease=true;customSource=https://pkgs.dev.azure.com/azure-sdk/public/_packaging/azure-sdk-for-net/nuget/v3/index.json]Azure.ResourceManager.DataProtectionBackup,1.2.0-alpha.20230411.1
azureresourcemanagerelasticsan,[tfm=netstandard2.0;isPrerelease=true;customSource=https://pkgs.dev.azure.com/azure-sdk/public/_packaging/azure-sdk-for-net/nuget/v3/index.json]Azure.ResourceManager.ElasticSan,1.0.0-alpha.20230411.1
azuremapsgeolocation,[tfm=netstandard2.0;isPrerelease=true]Azure.Maps.Geolocation,1.0.0-beta.1
azuremapsrendering,[tfm=netstandard2.0;isPrerelease=true]Azure.Maps.Rendering,1.0.0-beta.1
azuremapsrouting,[tfm=netstandard2.0;isPrerelease=true]Azure.Maps.Routing,1.0.0-beta.1
azuredeveloperloadtesting,[tfm=netstandard2.0;isPrerelease=true]Azure.Developer.LoadTesting,1.0.0-beta.2
azureresourcemanagerappcomplianceautomation,[tfm=netstandard2.0;isPrerelease=true;customSource=https://pkgs.dev.azure.com/azure-sdk/public/_packaging/azure-sdk-for-net/nuget/v3/index.json]Azure.ResourceManager.AppComplianceAutomation,1.0.0-alpha.20230410.1
azureresourcemanagerhybriddata,[tfm=netstandard2.0;isPrerelease=true;customSource=https://pkgs.dev.azure.com/azure-sdk/public/_packaging/azure-sdk-for-net/nuget/v3/index.json]Azure.ResourceManager.HybridData,1.1.0-alpha.20230411.1
azurecallautomation,[tfm=netstandard2.0;isPrerelease=true;customSource=https://pkgs.dev.azure.com/azure-sdk/public/_packaging/azure-sdk-for-net/nuget/v3/index.json]Azure.Communication.CallAutomation,1.0.0-alpha.20230411.1
microsoftazurefunctionsworker,[tfm=netstandard2.0;isPrerelease=true]Microsoft.Azure.Functions.Worker,1.11.0-preview2
microsoftazurecosmosdbbulkexecutor,[tfm=netstandard2.0;isPrerelease=true]Microsoft.Azure.CosmosDB.BulkExecutor,2.5.1-preview
microsoftazurecognitiveserviceslanguagetextanalytics,[tfm=netstandard2.0;isPrerelease=true;customSource=https://pkgs.dev.azure.com/azure-sdk/public/_packaging/azure-sdk-for-net/nuget/v3/index.json]Microsoft.Azure.CognitiveServices.Language.TextAnalytics,4.1.0-alpha.20230411.1
microsoftazuremanagementmaintenance,[tfm=netstandard2.0;isPrerelease=true]Microsoft.Azure.Management.Maintenance,1.5.0-preview
microsoftazurerelay,[tfm=netstandard2.0;isPrerelease=true]Microsoft.Azure.Relay,3.0.0-preview
microsoftazurecognitiveserviceslanguagespellcheck,[tfm=netstandard2.0;isPrerelease=true;customSource=https://pkgs.dev.azure.com/azure-sdk/public/_packaging/azure-sdk-for-net/nuget/v3/index.json]Microsoft.Azure.CognitiveServices.Language.SpellCheck,4.1.0-alpha.20230411.1
microsoftazuremanagementcontainerregistry,[tfm=netstandard2.0;isPrerelease=true]Microsoft.Azure.Management.ContainerRegistry,7.0.0-preview
microsoftazuremanagementkeyvault,[tfm=netstandard2.0;isPrerelease=true]Microsoft.Azure.Management.KeyVault,4.0.0-preview.1
azuredeveloperdevcenter,[tfm=netstandard2.0;isPrerelease=true]Azure.Developer.DevCenter,1.0.0-beta.2
microsoftazuremanagementlabservices,[tfm=netstandard2.0;isPrerelease=true]Microsoft.Azure.Management.LabServices,4.1.0-beta.1
microsoftazuredatalakestore,[tfm=netstandard2.0;isPrerelease=true]Microsoft.Azure.DataLake.Store,1.2.5-alpha
microsoftazuremanagementappplatform,[tfm=netstandard2.0;isPrerelease=true]Microsoft.Azure.Management.AppPlatform,1.2.0-preview
microsoftazureapplicationinsights,[tfm=netstandard2.0;isPrerelease=true]Microsoft.Azure.ApplicationInsights,0.9.0-preview
azureresourcemanagernginx,[tfm=netstandard2.0;isPrerelease=true;customSource=https://pkgs.dev.azure.com/azure-sdk/public/_packaging/azure-sdk-for-net/nuget/v3/index.json]Azure.ResourceManager.Nginx,1.0.0-alpha.20230411.1
azureresourcemanagerloadtesting,[tfm=netstandard2.0;isPrerelease=true]Azure.ResourceManager.LoadTesting,1.0.0-beta.2
azureresourcemanageranalysis,[tfm=netstandard2.0;isPrerelease=true;customSource=https://pkgs.dev.azure.com/azure-sdk/public/_packaging/azure-sdk-for-net/nuget/v3/index.json]Azure.ResourceManager.Analysis,1.1.0-alpha.20230410.1
azurecoreexpressionsdatafactory,[tfm=netstandard2.0;isPrerelease=true]Azure.Core.Expressions.DataFactory,1.0.0-beta.1
azureresourcemanagerstoragemover,[tfm=netstandard2.0;isPrerelease=true;customSource=https://pkgs.dev.azure.com/azure-sdk/public/_packaging/azure-sdk-for-net/nuget/v3/index.json]Azure.ResourceManager.StorageMover,1.1.0-alpha.20230411.1
microsoftextensionsconfigurationazureappconfiguration,[tfm=netstandard2.0;isPrerelease=true]Microsoft.Extensions.Configuration.AzureAppConfiguration,5.3.0-preview
azurestoragedatamovement,[tfm=netstandard2.0;isPrerelease=true;customSource=https://pkgs.dev.azure.com/azure-sdk/public/_packaging/azure-sdk-for-net/nuget/v3/index.json]Azure.Storage.DataMovement,12.0.0-alpha.20230411.5
azureresourcemanagerbillingbenefits,[tfm=netstandard2.0;isPrerelease=true]Azure.ResourceManager.BillingBenefits,1.0.0-beta.1
azurestoragedatamovementblobs,[tfm=netstandard2.0;isPrerelease=true;customSource=https://pkgs.dev.azure.com/azure-sdk/public/_packaging/azure-sdk-for-net/nuget/v3/index.json]Azure.Storage.DataMovement.Blobs,12.0.0-alpha.20230411.5
azuremessagingwebpubsubclient,[tfm=netstandard2.0;isPrerelease=true;customSource=https://pkgs.dev.azure.com/azure-sdk/public/_packaging/azure-sdk-for-net/nuget/v3/index.json]Azure.Messaging.WebPubSub.Client,1.0.0-alpha.20230411.1
microsoftwindowsazuremanagementvirtualnetworks,[tfm=netstandard2.0;isPrerelease=true]Microsoft.WindowsAzure.Management.VirtualNetworks,0.9.9-preview
windowsazurestoragetable-preview,[tfm=netstandard2.0;isPrerelease=true]WindowsAzure.Storage.Table-Preview,3.2.0-preview
microsoftazurewebjobsextensionswebhooks,[tfm=netstandard2.0;isPrerelease=true]Microsoft.Azure.WebJobs.Extensions.WebHooks,1.0.0-beta4
microsoftazurewebjobsscript,[tfm=netstandard2.0;isPrerelease=true]Microsoft.Azure.WebJobs.Script,1.0.0-beta3
microsoftazurejobs,[tfm=netstandard2.0;isPrerelease=true]Microsoft.Azure.Jobs,0.3.2-beta
microsoftazuremanagementresources,[tfm=netstandard2.0;isPrerelease=true]Microsoft.Azure.Management.Resources,2.20.1-preview
microsoftazurejobscore,[tfm=netstandard2.0;isPrerelease=true]Microsoft.Azure.Jobs.Core,0.3.2-beta
microsoftazuregraphrbac,[tfm=netstandard2.0;isPrerelease=true;customSource=https://pkgs.dev.azure.com/azure-sdk/public/_packaging/azure-sdk-for-net/nuget/v3/index.json]Microsoft.Azure.Graph.RBAC,3.8.0-alpha.20230411.1
microsoftazuremanagementnotificationhubsfluent,[tfm=netstandard2.0;isPrerelease=true]Microsoft.Azure.Management.NotificationHubs.Fluent,1.9.1-beta
microsoftazuremanagementreservations,[tfm=netstandard2.0;isPrerelease=true]Microsoft.Azure.Management.Reservations,1.15.0-preview
microsoftwindowsazuremanagementservicebus,[tfm=netstandard2.0;isPrerelease=true]Microsoft.WindowsAzure.Management.ServiceBus,0.19.0-preview
microsoftazuremanagementlogicfluent,[tfm=netstandard2.0;isPrerelease=true]Microsoft.Azure.Management.Logic.Fluent,1.9.1-beta
microsoftazuremanagementservicefabricfluent,[tfm=netstandard2.0;isPrerelease=true]Microsoft.Azure.Management.ServiceFabric.Fluent,1.9.1-beta
microsoftazuremanagementrelayfluent,[tfm=netstandard2.0;isPrerelease=true]Microsoft.Azure.Management.Relay.Fluent,1.9.1-beta
microsoftwindowsazuremanagementstore,[tfm=netstandard2.0;isPrerelease=true]Microsoft.WindowsAzure.Management.Store,0.15.1-preview
microsoftazuremanagementcognitiveservicesfluent,[tfm=netstandard2.0;isPrerelease=true]Microsoft.Azure.Management.CognitiveServices.Fluent,1.9.1-beta
microsoftazurewebjobsservicebus,[tfm=netstandard2.0;isPrerelease=true]Microsoft.Azure.WebJobs.ServiceBus,3.0.0-beta8
microsoftazuremanagementcosmosdb,[tfm=netstandard2.0;isPrerelease=true]Microsoft.Azure.Management.CosmosDB,3.9.1-preview
microsoftazurejobsservicebus,[tfm=netstandard2.0;isPrerelease=true]Microsoft.Azure.Jobs.ServiceBus,0.3.2-beta
microsoftazurewebjobsscriptextensibility,[tfm=netstandard2.0;isPrerelease=true]Microsoft.Azure.WebJobs.Script.Extensibility,1.0.0-beta3
microsoftwindowsazuremanagementtrafficmanager,[tfm=netstandard2.0;isPrerelease=true]Microsoft.WindowsAzure.Management.TrafficManager,0.16.1-preview
microsoftwindowsazuremanagementwebsites,[tfm=netstandard2.0;isPrerelease=true]Microsoft.WindowsAzure.Management.WebSites,5.0.0-prerelease
windowsazurestorage-preview,[tfm=netstandard2.0;isPrerelease=true]WindowsAzure.Storage-Preview,3.2.0-preview
microsoftazurewebjobsscriptwebhost,[tfm=netstandard2.0;isPrerelease=true]Microsoft.Azure.WebJobs.Script.WebHost,1.0.0-beta3
microsoftazurewebjobsextensionsapihub,[tfm=netstandard2.0;isPrerelease=true]Microsoft.Azure.WebJobs.Extensions.ApiHub,1.0.0-beta9
microsoftwindowsazuremanagementexpressroute,[tfm=netstandard2.0;isPrerelease=true]Microsoft.WindowsAzure.Management.ExpressRoute,0.23.0-preview
azureresourcemanagermobilenetwork,[tfm=netstandard2.0;isPrerelease=true;customSource=https://pkgs.dev.azure.com/azure-sdk/public/_packaging/azure-sdk-for-net/nuget/v3/index.json]Azure.ResourceManager.MobileNetwork,1.0.0-alpha.20230411.1
azureaiopenai,[tfm=netstandard2.0;isPrerelease=true;customSource=https://pkgs.dev.azure.com/azure-sdk/public/_packaging/azure-sdk-for-net/nuget/v3/index.json]Azure.AI.OpenAI,1.0.0-alpha.20230410.1
microsoftcognitiveservicesspeech,[tfm=netstandard2.0;isPrerelease=true]Microsoft.CognitiveServices.Speech,1.25.1-beta.1
microsoftazurewebjobsextensionsstorage,[tfm=netstandard2.0;isPrerelease=true;customSource=https://pkgs.dev.azure.com/azure-sdk/public/_packaging/azure-sdk-for-net/nuget/v3/index.json]Microsoft.Azure.WebJobs.Extensions.Storage,5.2.0-alpha.20230411.5
microsoftazurewebjobsextensionsstoragequeues,[tfm=netstandard2.0;isPrerelease=true;customSource=https://pkgs.dev.azure.com/azure-sdk/public/_packaging/azure-sdk-for-net/nuget/v3/index.json]Microsoft.Azure.WebJobs.Extensions.Storage.Queues,5.2.0-alpha.20230411.5
microsoftazurewebjobsextensionsstorageblobs,[tfm=netstandard2.0;isPrerelease=true;customSource=https://pkgs.dev.azure.com/azure-sdk/public/_packaging/azure-sdk-for-net/nuget/v3/index.json]Microsoft.Azure.WebJobs.Extensions.Storage.Blobs,5.2.0-alpha.20230411.5
azureresourcemanagerservicenetworking,[tfm=netstandard2.0;isPrerelease=true;customSource=https://pkgs.dev.azure.com/azure-sdk/public/_packaging/azure-sdk-for-net/nuget/v3/index.json]Azure.ResourceManager.ServiceNetworking,1.0.0-alpha.20230410.1
azureresourcemanagervoiceservices,[tfm=netstandard2.0;isPrerelease=true;customSource=https://pkgs.dev.azure.com/azure-sdk/public/_packaging/azure-sdk-for-net/nuget/v3/index.json]Azure.ResourceManager.VoiceServices,1.0.0-alpha.20230411.1
azureresourcemanagerresourcehealth,[tfm=netstandard2.0;isPrerelease=true;customSource=https://pkgs.dev.azure.com/azure-sdk/public/_packaging/azure-sdk-for-net/nuget/v3/index.json]Azure.ResourceManager.ResourceHealth,1.0.0-alpha.20230411.1
azureanalyticspurviewworkflows,[tfm=netstandard2.0;isPrerelease=true;customSource=https://pkgs.dev.azure.com/azure-sdk/public/_packaging/azure-sdk-for-net/nuget/v3/index.json]Azure.Analytics.Purview.Workflows,1.0.0-alpha.20230411.1
azureanalyticspurviewsharing,[tfm=netstandard2.0;isPrerelease=true;customSource=https://pkgs.dev.azure.com/azure-sdk/public/_packaging/azure-sdk-for-net/nuget/v3/index.json]Azure.Analytics.Purview.Sharing,1.0.0-alpha.20230411.1
azureaivisioncore,[tfm=netstandard2.0;isPrerelease=true]Azure.AI.Vision.Core,0.10.0-beta.1
azureaivisionimageanalysis,[tfm=netstandard2.0;isPrerelease=true]Azure.AI.Vision.ImageAnalysis,0.10.0-beta.1
azuremonitoropentelemetryaspnetcore,[tfm=netstandard2.0;isPrerelease=true;customSource=https://pkgs.dev.azure.com/azure-sdk/public/_packaging/azure-sdk-for-net/nuget/v3/index.json]Azure.Monitor.OpenTelemetry.AspNetCore,1.0.0-alpha.20230411.1
azurecommunicationcommon,[tfm=netstandard2.0;isPrerelease=true;customSource=https://pkgs.dev.azure.com/azure-sdk/public/_packaging/azure-sdk-for-net/nuget/v3/index.json]Azure.Communication.Common,2.0.0-alpha.20230411.1
azurehealthinsightscancerprofiling,[tfm=netstandard2.0;isPrerelease=true]Azure.Health.Insights.CancerProfiling,1.0.0-beta.1
azurehealthinsightsclinicalmatching,[tfm=netstandard2.0;isPrerelease=true]Azure.Health.Insights.ClinicalMatching,1.0.0-beta.1
azureresourcemanagerqumulo,[tfm=netstandard2.0;isPrerelease=true;customSource=https://pkgs.dev.azure.com/azure-sdk/public/_packaging/azure-sdk-for-net/nuget/v3/index.json]Azure.ResourceManager.Qumulo,1.0.0-alpha.20230411.1
azureresourcemanagergraphservices,[tfm=netstandard2.0;isPrerelease=true;customSource=https://pkgs.dev.azure.com/azure-sdk/public/_packaging/azure-sdk-for-net/nuget/v3/index.json]Azure.ResourceManager.GraphServices,1.0.0-alpha.20230411.1
azureresourcemanagerhybridcontainerservice,[tfm=netstandard2.0;isPrerelease=true]Azure.ResourceManager.HybridContainerService,1.0.0-beta.1
azuresecurityattestation,[tfm=netstandard2.0;isPrerelease=true;customSource=https://pkgs.dev.azure.com/azure-sdk/public/_packaging/azure-sdk-for-net/nuget/v3/index.json]Azure.Security.Attestation,1.1.0-alpha.20230410.1
azuremixedrealityremoterendering,[tfm=netstandard2.0;isPrerelease=true;customSource=https://pkgs.dev.azure.com/azure-sdk/public/_packaging/azure-sdk-for-net/nuget/v3/index.json]Azure.MixedReality.RemoteRendering,1.2.1-alpha.20230411.1
azurecommunicationchat,[tfm=netstandard2.0;isPrerelease=true;customSource=https://pkgs.dev.azure.com/azure-sdk/public/_packaging/azure-sdk-for-net/nuget/v3/index.json]Azure.Communication.Chat,1.2.0-alpha.20230411.1
azurecommunicationsms,[tfm=netstandard2.0;isPrerelease=true;customSource=https://pkgs.dev.azure.com/azure-sdk/public/_packaging/azure-sdk-for-net/nuget/v3/index.json]Azure.Communication.Sms,1.0.2-alpha.20230411.1
azuremonitorquery,[tfm=netstandard2.0;isPrerelease=true;customSource=https://pkgs.dev.azure.com/azure-sdk/public/_packaging/azure-sdk-for-net/nuget/v3/index.json]Azure.Monitor.Query,1.2.0-alpha.20230411.1
microsoftazurewebjobsextensionseventhubs,[tfm=netstandard2.0;isPrerelease=true;customSource=https://pkgs.dev.azure.com/azure-sdk/public/_packaging/azure-sdk-for-net/nuget/v3/index.json]Microsoft.Azure.WebJobs.Extensions.EventHubs,5.3.0-alpha.20230411.3
microsoftazurewebjobsextensionsservicebus,[tfm=netstandard2.0;isPrerelease=true;customSource=https://pkgs.dev.azure.com/azure-sdk/public/_packaging/azure-sdk-for-net/nuget/v3/index.json]Microsoft.Azure.WebJobs.Extensions.ServiceBus,5.10.0-alpha.20230411.1
microsoftazureapplicationinsightsquery,[tfm=netstandard2.0;isPrerelease=true;customSource=https://pkgs.dev.azure.com/azure-sdk/public/_packaging/azure-sdk-for-net/nuget/v3/index.json]Microsoft.Azure.ApplicationInsights.Query,1.1.0-alpha.20230411.1
microsoftazureoperationalinsights,[tfm=netstandard2.0;isPrerelease=true;customSource=https://pkgs.dev.azure.com/azure-sdk/public/_packaging/azure-sdk-for-net/nuget/v3/index.json]Microsoft.Azure.OperationalInsights,1.2.0-alpha.20230411.1
microsoftazurecognitiveservicessearchbingvideosearch,[tfm=netstandard2.0;isPrerelease=true;customSource=https://pkgs.dev.azure.com/azure-sdk/public/_packaging/azure-sdk-for-net/nuget/v3/index.json]Microsoft.Azure.CognitiveServices.Search.BingVideoSearch,2.1.0-alpha.20230411.1
microsoftazurecognitiveservicessearchbingimagesearch,[tfm=netstandard2.0;isPrerelease=true;customSource=https://pkgs.dev.azure.com/azure-sdk/public/_packaging/azure-sdk-for-net/nuget/v3/index.json]Microsoft.Azure.CognitiveServices.Search.BingImageSearch,2.1.0-alpha.20230411.1
azureresourcemanagerenergyservices,[tfm=netstandard2.0;isPrerelease=true;customSource=https://pkgs.dev.azure.com/azure-sdk/public/_packaging/azure-sdk-for-net/nuget/v3/index.json]Azure.ResourceManager.EnergyServices,1.0.0-alpha.20230411.1
azuremessagingeventhubsexperimental,[tfm=netstandard2.0;isPrerelease=true;customSource=https://pkgs.dev.azure.com/azure-sdk/public/_packaging/azure-sdk-for-net/nuget/v3/index.json]Azure.Messaging.EventHubs.Experimental,0.1.0-alpha.20230411.3
azurecommunicationalphaids,[tfm=netstandard2.0;isPrerelease=true;customSource=https://pkgs.dev.azure.com/azure-sdk/public/_packaging/azure-sdk-for-net/nuget/v3/index.json]Azure.Communication.AlphaIds,1.0.0-alpha.20230411.1
microsoftazurecognitiveservicessearchbingcustomimagesearch,[tfm=netstandard2.0;isPrerelease=true;customSource=https://pkgs.dev.azure.com/azure-sdk/public/_packaging/azure-sdk-for-net/nuget/v3/index.json]Microsoft.Azure.CognitiveServices.Search.BingCustomImageSearch,2.1.0-alpha.20230411.1
microsoftazurecognitiveservicessearchbingwebsearch,[tfm=netstandard2.0;isPrerelease=true;customSource=https://pkgs.dev.azure.com/azure-sdk/public/_packaging/azure-sdk-for-net/nuget/v3/index.json]Microsoft.Azure.CognitiveServices.Search.BingWebSearch,2.1.0-alpha.20230411.1
microsoftazurecognitiveservicespersonalizer,[tfm=netstandard2.0;isPrerelease=true;customSource=https://pkgs.dev.azure.com/azure-sdk/public/_packaging/azure-sdk-for-net/nuget/v3/index.json]Microsoft.Azure.CognitiveServices.Personalizer,1.0.0-alpha.20230411.1
microsoftazurecognitiveservicessearchbingvisualsearch,[tfm=netstandard2.0;isPrerelease=true;customSource=https://pkgs.dev.azure.com/azure-sdk/public/_packaging/azure-sdk-for-net/nuget/v3/index.json]Microsoft.Azure.CognitiveServices.Search.BingVisualSearch,2.1.0-alpha.20230411.1
microsoftazurebatchconventionsfiles,[tfm=netstandard2.0;isPrerelease=true;customSource=https://pkgs.dev.azure.com/azure-sdk/public/_packaging/azure-sdk-for-net/nuget/v3/index.json]Microsoft.Azure.Batch.Conventions.Files,4.1.0-alpha.20230411.1
azureresourcemanagerpaloaltonetworksngfw,[tfm=netstandard2.0;isPrerelease=true;customSource=https://pkgs.dev.azure.com/azure-sdk/public/_packaging/azure-sdk-for-net/nuget/v3/index.json]Azure.ResourceManager.PaloAltoNetworks.Ngfw,1.0.0-alpha.20230411.1
microsoftazurebatch,[tfm=netstandard2.0;isPrerelease=true;customSource=https://pkgs.dev.azure.com/azure-sdk/public/_packaging/azure-sdk-for-net/nuget/v3/index.json]Microsoft.Azure.Batch,15.5.0-alpha.20230411.1
microsoftazurecognitiveservicessearchbingcustomsearch,[tfm=netstandard2.0;isPrerelease=true;customSource=https://pkgs.dev.azure.com/azure-sdk/public/_packaging/azure-sdk-for-net/nuget/v3/index.json]Microsoft.Azure.CognitiveServices.Search.BingCustomSearch,2.1.0-alpha.20230411.1
azurecommunicationmediacomposition,[tfm=netstandard2.0;isPrerelease=true;customSource=https://pkgs.dev.azure.com/azure-sdk/public/_packaging/azure-sdk-for-net/nuget/v3/index.json]Azure.Communication.MediaComposition,1.0.0-alpha.20230411.1
microsoftazurecognitiveservicessearchbingautosuggest,[tfm=netstandard2.0;isPrerelease=true;customSource=https://pkgs.dev.azure.com/azure-sdk/public/_packaging/azure-sdk-for-net/nuget/v3/index.json]Microsoft.Azure.CognitiveServices.Search.BingAutoSuggest,2.1.0-alpha.20230411.1
microsoftazureservicebus,[tfm=netstandard2.0;isPrerelease=true;customSource=https://pkgs.dev.azure.com/azure-sdk/public/_packaging/azure-sdk-for-net/nuget/v3/index.json]Microsoft.Azure.ServiceBus,5.3.0-alpha.20230411.1
microsoftazurecognitiveservicesanomalydetector,[tfm=netstandard2.0;isPrerelease=true;customSource=https://pkgs.dev.azure.com/azure-sdk/public/_packaging/azure-sdk-for-net/nuget/v3/index.json]Microsoft.Azure.CognitiveServices.AnomalyDetector,1.1.0-alpha.20230411.1
microsoftazurecognitiveservicesvisioncomputervision,[tfm=netstandard2.0;isPrerelease=true;customSource=https://pkgs.dev.azure.com/azure-sdk/public/_packaging/azure-sdk-for-net/nuget/v3/index.json]Microsoft.Azure.CognitiveServices.Vision.ComputerVision,7.1.0-alpha.20230411.1
microsoftazurecognitiveservicessearchbingentitysearch,[tfm=netstandard2.0;isPrerelease=true;customSource=https://pkgs.dev.azure.com/azure-sdk/public/_packaging/azure-sdk-for-net/nuget/v3/index.json]Microsoft.Azure.CognitiveServices.Search.BingEntitySearch,2.1.0-alpha.20230411.1
azurecommunicationjobrouter,[tfm=netstandard2.0;isPrerelease=true;customSource=https://pkgs.dev.azure.com/azure-sdk/public/_packaging/azure-sdk-for-net/nuget/v3/index.json]Azure.Communication.JobRouter,1.0.0-alpha.20230411.1
microsoftazurecognitiveservicesvisioncontentmoderator,[tfm=netstandard2.0;isPrerelease=true;customSource=https://pkgs.dev.azure.com/azure-sdk/public/_packaging/azure-sdk-for-net/nuget/v3/index.json]Microsoft.Azure.CognitiveServices.Vision.ContentModerator,2.1.0-alpha.20230411.1
azureiottimeseriesinsights,[tfm=netstandard2.0;isPrerelease=true;customSource=https://pkgs.dev.azure.com/azure-sdk/public/_packaging/azure-sdk-for-net/nuget/v3/index.json]Azure.IoT.TimeSeriesInsights,1.0.0-alpha.20230411.1
azurecommunicationshortcodes,[tfm=netstandard2.0;isPrerelease=true;customSource=https://pkgs.dev.azure.com/azure-sdk/public/_packaging/azure-sdk-for-net/nuget/v3/index.json]Azure.Communication.ShortCodes,1.0.0-alpha.20230411.1
microsoftazurecognitiveservicessearchbingnewssearch,[tfm=netstandard2.0;isPrerelease=true;customSource=https://pkgs.dev.azure.com/azure-sdk/public/_packaging/azure-sdk-for-net/nuget/v3/index.json]Microsoft.Azure.CognitiveServices.Search.BingNewsSearch,2.1.0-alpha.20230411.1
microsoftazurecognitiveservicesvisioncustomvisionprediction,[tfm=netstandard2.0;isPrerelease=true;customSource=https://pkgs.dev.azure.com/azure-sdk/public/_packaging/azure-sdk-for-net/nuget/v3/index.json]Microsoft.Azure.CognitiveServices.Vision.CustomVision.Prediction,2.0.0-alpha.20230411.1
microsoftazureattestation,[tfm=netstandard2.0;isPrerelease=true;customSource=https://pkgs.dev.azure.com/azure-sdk/public/_packaging/azure-sdk-for-net/nuget/v3/index.json]Microsoft.Azure.Attestation,0.10.0-alpha.20230410.1
microsoftazurebatchfilestaging,[tfm=netstandard2.0;isPrerelease=true;customSource=https://pkgs.dev.azure.com/azure-sdk/public/_packaging/azure-sdk-for-net/nuget/v3/index.json]Microsoft.Azure.Batch.FileStaging,9.1.0-alpha.20230411.1
microsoftazurecognitiveservicessearchbinglocalsearch,[tfm=netstandard2.0;isPrerelease=true;customSource=https://pkgs.dev.azure.com/azure-sdk/public/_packaging/azure-sdk-for-net/nuget/v3/index.json]Microsoft.Azure.CognitiveServices.Search.BingLocalSearch,1.0.0-alpha.20230411.1
azureiothubservice,[tfm=netstandard2.0;isPrerelease=true;customSource=https://pkgs.dev.azure.com/azure-sdk/public/_packaging/azure-sdk-for-net/nuget/v3/index.json]Azure.IoT.Hub.Service,1.0.0-alpha.20230410.1
azureaitranslationtext,[tfm=netstandard2.0;isPrerelease=true;customSource=https://pkgs.dev.azure.com/azure-sdk/public/_packaging/azure-sdk-for-net/nuget/v3/index.json]Azure.AI.Translation.Text,1.0.0-alpha.20230411.1
